datum,resztvevo
2021-11-25,OMU
2021-11-25,XHV
2021-11-26,OMU
2021-11-26,JUQ
2021-11-26,WXU
2021-11-28,OMU
2021-11-28,XHV
2021-12-01,OMU
2021-12-03,OMU
2021-12-03,XHV
2021-12-05,OMU
2021-12-05,NAB
2021-12-08,OMU
2021-12-10,OMU
2021-12-10,SWY
2021-12-12,OMU
2021-12-12,XHV
2021-12-14,OMU
2021-12-19,OMU
2021-12-19,XHV
2021-12-19,IOY
2021-12-19,SNA
2021-12-19,NAB
2021-12-20,OMU
2021-12-22,OMU
2021-12-22,XHV
2021-12-27,OMU
2021-12-27,XHV
2021-12-28,OMU
2021-12-28,BPC
2021-12-28,FTR
2021-12-28,LCM
2021-12-28,VKZ
2021-12-28,CZM
2021-12-29,OMU
2021-12-29,XHV
2021-12-29,BHA
2021-12-30,OMU
2021-12-30,XHV
2021-12-30,WXU
2022-01-01,OMU
2022-01-01,QIO
2022-01-01,QZR
2022-01-01,DGX
2022-01-01,YTR
2022-01-05,OMU
2022-01-09,OMU
2022-01-09,XFI
2022-01-10,OMU
2022-01-10,XHV
2022-01-14,OMU
2022-01-14,YLY
2022-01-14,RNQ
2022-01-16,OMU
2022-01-16,XHV
2022-01-19,OMU
2022-01-19,XHV
2022-01-23,OMU
2022-01-23,XHV
2022-01-29,OMU
2022-01-31,OMU
2022-02-02,OMU
2022-02-02,XHV
2022-02-05,OMU
2022-02-05,IEX
2022-02-05,FBM
2022-02-06,OMU
2022-02-06,XHV
2022-02-06,BPV
2022-02-06,USR
2022-02-08,OMU
2022-02-08,XHV
2022-02-13,OMU
2022-02-13,XHV
2022-02-13,SWY
2022-02-16,OMU
2022-02-16,XHV
2022-02-17,OMU
2022-02-17,JUQ
2022-02-25,OMU
2022-02-28,OMU
2022-03-03,OMU
2022-03-03,XHV
2022-03-05,OMU
2022-03-05,XHV
2022-03-09,OMU
2022-03-09,XHV
2022-03-12,OMU
2022-03-12,XHV
2022-03-12,WXU
2022-03-12,IIW
2022-03-12,AQK
2022-03-22,OMU
2022-03-22,XGK
2022-03-22,UIK
2022-03-25,OMU
2022-03-25,BPC
2022-03-25,FTR
2022-03-25,VKZ
2022-03-28,OMU
2022-03-28,XHV
2022-04-03,OMU
2022-04-03,XHV
2022-04-09,OMU
2022-04-09,XHV
2022-04-15,OMU
2022-04-15,WXU
2022-04-15,JUQ
2022-04-18,OMU
2022-04-18,XHV
2022-04-18,FCE
2022-04-18,LTI
2022-05-30,OMU
2022-09-16,OMU
2022-09-16,JUQ
2022-09-18,OMU
2022-09-18,XHV
2022-09-25,OMU
2022-09-25,XHV
2022-09-30,OMU
2022-09-30,WXU
2022-10-01,OMU
2022-10-01,XHV
2022-10-01,WXU
2022-10-01,BHA
2022-10-01,NOI
2022-10-25,OMU
2022-10-29,OMU
2022-10-29,SWY
2022-11-03,OMU
2022-11-12,OMU
2022-11-12,WXU
2022-11-12,IIW
2022-11-16,OMU
2022-11-16,JUQ
2022-11-18,OMU
2022-11-18,KPU
2022-11-18,BRJ
2022-11-25,OMU
2022-11-25,FCE
2022-11-25,LTI
2022-11-25,IWX
2022-12-02,OMU
2022-12-02,WXU
2022-12-09,OMU
2022-12-11,OMU
2022-12-17,OMU
2022-12-17,LCM
2022-12-17,YCB
2022-12-17,JFI
2022-12-17,YMN
2022-12-18,OMU
2022-12-18,CZM
2022-12-18,WBB
2022-12-26,OMU
2022-12-26,IOY
2022-12-26,SNA
2022-12-26,NAB
2023-01-01,OMU
2023-01-01,JUQ
2023-01-13,OMU
2023-01-16,OMU
2023-01-27,OMU
2023-01-27,JUQ
2023-01-30,OMU
2023-02-13,OMU
2023-02-28,OMU
2023-03-17,OMU
2023-03-17,JUQ
2023-04-15,OMU
2023-05-13,OMU
2023-05-13,KPU
2023-11-04,OMU
2023-11-04,JFI
2023-11-08,OMU
2023-11-08,WXU
2023-11-18,OMU
2023-11-18,WXU
2023-11-26,OMU
2023-12-09,OMU
2023-12-09,WXU
2023-12-29,XHV
2024-01-05,OMU
2024-01-05,XHV
2024-01-06,OMU
2024-01-06,JUQ
2024-01-12,OMU
2024-01-12,WXU
2024-01-14,OMU
2024-01-14,XHV
2024-01-21,OMU
2024-01-21,XHV
2024-01-27,XHV
2024-01-27,QIO
2024-01-27,DGX
2024-02-02,XHV
2024-02-02,ZIC
2024-02-04,OMU
2024-02-04,SWY
2024-02-07,OMU
2024-02-07,XHV
2024-02-11,OMU
2024-02-11,XHV
2024-02-14,OMU
2024-02-14,XHV
2024-02-16,OMU
2024-02-16,WXU
2024-04-24,OMU
2024-04-24,IOY
2024-10-04,OMU
2024-10-04,WXU
2024-10-04,JUQ
2024-11-23,OMU
2024-11-23,FCE
2024-11-23,LTI
2024-11-29,OMU
2024-11-29,WXU
2024-11-30,OMU
2024-11-30,WXU
2024-11-30,SWY
2024-12-05,OMU
2024-12-05,XHV
2024-12-06,OMU
2024-12-06,WXU
2024-12-22,OMU
2024-12-22,IOY
2024-12-22,SNA
2024-12-22,NAB
2024-12-26,OMU
2024-12-26,WXU
2024-12-30,OMU
2024-12-30,XHV
2025-01-01,OMU
2025-01-01,XHV
2025-01-04,OMU
2025-01-04,IOY
2025-01-18,OMU
2025-01-18,WXU
2025-01-25,OMU
2025-01-25,JUQ
2025-01-26,OMU
2025-01-26,XHV
2025-02-07,XHV
2025-02-08,OMU
2025-02-08,WXU
2025-10-09,OMU
2025-10-09,JUQ
2025-11-29,OMU
2025-11-29,JUQ
2025-12-30,OMU
2025-12-30,WXU
2025-12-31,OMU
2025-12-31,IOY
2026-01-09,OMU
2026-01-09,JUQ
2026-01-24,XHV
2026-01-24,QIO
2026-01-24,DGX
2026-02-28,OMU
2026-02-28,WXU
